{"cameraMode":{"drawMode":0,"name":"Shaded","section":"Shading Mode"},"sceneLighting":false,"audioPlay":false,"sceneViewState":{"showFog":true,"showMaterialUpdate":false,"showSkybox":false,"showFlares":true,"showImageEffects":true,"showParticleSystems":true},"in2DMode":false,"pivot":{"x":6.184325695037842,"y":2.0724899768829347,"z":-11.57591438293457},"rotation":{"x":-0.00873332004994154,"y":0.8695197701454163,"z":0.015383613295853138,"w":0.4935916066169739},"size":9.919246673583985,"orthographic":false}