{"cameraMode":{"drawMode":0,"name":"Shaded","section":"Shading Mode"},"sceneLighting":true,"audioPlay":false,"sceneViewState":{"showFog":true,"showMaterialUpdate":false,"showSkybox":true,"showFlares":true,"showImageEffects":true,"showParticleSystems":true},"in2DMode":false,"pivot":{"x":479.43475341796877,"y":282.4596862792969,"z":156.519287109375},"rotation":{"x":0.16744835674762727,"y":-0.2841884195804596,"z":0.05064893886446953,"w":0.9428974986076355},"size":46.92023468017578,"orthographic":false}